INSERT INTO pais (id,nombre, code, estado) VALUES
(1, 'Albania', 'AL', 1),
(2, 'Alemania', 'DE', 1),
(3, 'Andorra', 'AD', 1),
(4, 'Austria', 'AT', 1),
(5, 'Bélgica', 'BE', 1),
(6, 'Bielorrusia', 'BY', 1),
(7, 'Bosnia y Herzegovina', 'BA', 1),
(8, 'Bulgaria', 'BG', 1),
(9, 'Croacia', 'HR', 1),
(10, 'Chipre', 'CY', 1),
(11, 'Dinamarca', 'DK', 1),
(12, 'Eslovaquia', 'SK', 1),
(13, 'Eslovenia', 'SI', 1),
(14, 'España', 'ES', 1),
(15, 'Estonia', 'EE', 1),
(16, 'Finlandia', 'FI', 1),
(17, 'Francia', 'FR', 1),
(18, 'Grecia', 'GR', 1),
(19, 'Hungría', 'HU', 1),
(20, 'Irlanda', 'IE', 1),
(21, 'Islandia', 'IS', 1),
(22, 'Italia', 'IT', 1),
(23, 'Letonia', 'LV', 1),
(24, 'Liechtenstein', 'LI', 1),
(25, 'Lituania', 'LT', 1),
(26, 'Luxemburgo', 'LU', 1),
(27, 'Malta', 'MT', 1),
(28, 'Moldavia', 'MD', 1),
(29, 'Mónaco', 'MC', 1),
(30, 'Montenegro', 'ME', 1),
(31, 'Noruega', 'NO', 1),
(32, 'Países Bajos', 'NL', 1),
(33, 'Polonia', 'PL', 1),
(34, 'Portugal', 'PT', 1),
(35, 'Reino Unido', 'GB', 1),
(36, 'República Checa', 'CZ', 1),
(37, 'Rumanía', 'RO', 1),
(38, 'Rusia', 'RU', 1),
(39, 'San Marino', 'SM', 1),
(40, 'Serbia', 'RS', 1),
(41, 'Suecia', 'SE', 1),
(42, 'Suiza', 'CH', 1),
(43, 'Ucrania', 'UA', 1),
(44, 'Vaticano', 'VA', 1),
(45, 'Argelia', 'DZ', 1),
(46, 'Angola', 'AO', 1),
(47, 'Benín', 'BJ', 1),
(48, 'Botsuana', 'BW', 1),
(49, 'Burkina Faso', 'BF', 1),
(50, 'Burundi', 'BI', 1),
(51, 'Cabo Verde', 'CV', 1),
(52, 'Camerún', 'CM', 1),
(53, 'Chad', 'TD', 1),
(54, 'Comoras', 'KM', 1),
(55, 'Congo', 'CG', 1),
(56, 'Costa de Marfil', 'CI', 1),
(57, 'Egipto', 'EG', 1),
(58, 'Eritrea', 'ER', 1),
(59, 'Eswatini', 'SZ', 1),
(60, 'Etiopía', 'ET', 1),
(61, 'Gabón', 'GA', 1),
(62, 'Gambia', 'GM', 1),
(63, 'Ghana', 'GH', 1),
(64, 'Guinea', 'GN', 1),
(65, 'Guinea-Bissau', 'GW', 1),
(66, 'Guinea Ecuatorial', 'GQ', 1),
(67, 'Kenia', 'KE', 1),
(68, 'Lesoto', 'LS', 1),
(69, 'Liberia', 'LR', 1),
(70, 'Libia', 'LY', 1),
(71, 'Madagascar', 'MG', 1),
(72, 'Malawi', 'MW', 1),
(73, 'Malí', 'ML', 1),
(74, 'Marruecos', 'MA', 1),
(75, 'Mauricio', 'MU', 1),
(76, 'Mauritania', 'MR', 1),
(77, 'Mozambique', 'MZ', 1),
(78, 'Namibia', 'NA', 1),
(79, 'Níger', 'NE', 1),
(80, 'Nigeria', 'NG', 1),
(81, 'República Centroafricana', 'CF', 1),
(82, 'República Democrática del Congo', 'CD', 1),
(83, 'Ruanda', 'RW', 1),
(84, 'Santo Tomé y Príncipe', 'ST', 1),
(85, 'Senegal', 'SN', 1),
(86, 'Seychelles', 'SC', 1),
(87, 'Sierra Leona', 'SL', 1),
(88, 'Somalia', 'SO', 1),
(89, 'Sudáfrica', 'ZA', 1),
(90, 'Sudán', 'SD', 1),
(91, 'Sudán del Sur', 'SS', 1),
(92, 'Tanzania', 'TZ', 1),
(93, 'Togo', 'TG', 1),
(94, 'Túnez', 'TN', 1),
(95, 'Uganda', 'UG', 1),
(96, 'Yibuti', 'DJ', 1),
(97, 'Zambia', 'ZM', 1),
(98, 'Zimbabue', 'ZW', 1),
(99, 'Afganistán', 'AF', 1),
(100, 'Arabia Saudita', 'SA', 1),
(101, 'Armenia', 'AM', 1),
(102, 'Azerbaiyán', 'AZ', 1),
(103, 'Bangladés', 'BD', 1),
(104, 'Baréin', 'BH', 1),
(105, 'Birmania', 'MM', 1),
(106, 'Brunéi', 'BN', 1),
(107, 'Bután', 'BT', 1),
(108, 'Camboya', 'KH', 1),
(109, 'Catar', 'QA', 1),
(110, 'China', 'CN', 1),
(111, 'Corea del Norte', 'KP', 1),
(112, 'Corea del Sur', 'KR', 1),
(113, 'Emiratos Árabes Unidos', 'AE', 1),
(114, 'Filipinas', 'PH', 1),
(115, 'Georgia', 'GE', 1),
(116, 'India', 'IN', 1),
(117, 'Indonesia', 'ID', 1),
(118, 'Iraq', 'IQ', 1),
(119, 'Irán', 'IR', 1),
(120, 'Israel', 'IL', 1),
(121, 'Japón', 'JP', 1),
(122, 'Jordania', 'JO', 1),
(123, 'Kazajistán', 'KZ', 1),
(124, 'Kirguistán', 'KG', 1),
(125, 'Kuwait', 'KW', 1),
(126, 'Laos', 'LA', 1),
(127, 'Líbano', 'LB', 1),
(128, 'Malasia', 'MY', 1),
(129, 'Maldivas', 'MV', 1),
(130, 'Mongolia', 'MN', 1),
(131, 'Nepal', 'NP', 1),
(132, 'Omán', 'OM', 1),
(133, 'Pakistán', 'PK', 1),
(134, 'Palestina', 'PS', 1),
(135, 'Singapur', 'SG', 1),
(136, 'Siria', 'SY', 1),
(137, 'Sri Lanka', 'LK', 1),
(138, 'Tailandia', 'TH', 1),
(139, 'Tayikistán', 'TJ', 1),
(140, 'Timor Oriental', 'TL', 1),
(141, 'Turkmenistán', 'TM', 1),
(142, 'Turquía', 'TR', 1),
(143, 'Uzbekistán', 'UZ', 1),
(144, 'Vietnam', 'VN', 1),
(145, 'Yemen', 'YE', 1),
(146, 'Australia', 'AU', 1),
(147, 'Fiyi', 'FJ', 1),
(148, 'Islas Marshall', 'MH', 1),
(149, 'Islas Salomón', 'SB', 1),
(150, 'Kiribati', 'KI', 1),
(151, 'Micronesia', 'FM', 1),
(152, 'Nauru', 'NR', 1),
(153, 'Nueva Zelanda', 'NZ', 1),
(154, 'Palaos', 'PW', 1),
(155, 'Papúa Nueva Guinea', 'PG', 1),
(156, 'Samoa', 'WS', 1),
(157, 'Tonga', 'TO', 1),
(158, 'Tuvalu', 'TV', 1),
(159, 'Vanuatu', 'VU', 1),
(160, 'Canadá', 'CA', 1),
(161, 'Estados Unidos', 'US', 1),
(162, 'México', 'MX', 1),
(163, 'Belice', 'BZ', 1),
(164, 'Costa Rica', 'CR', 1),
(165, 'El Salvador', 'SV', 1),
(166, 'Guatemala', 'GT', 1),
(167, 'Honduras', 'HN', 1),
(168, 'Nicaragua', 'NI', 1),
(169, 'Panamá', 'PA', 1),
(170, 'Anguila', 'AI', 1),
(171, 'Antigua y Barbuda', 'AG', 1),
(172, 'Aruba', 'AW', 1),
(173, 'Bahamas', 'BS', 1),
(174, 'Barbados', 'BB', 1),
(175, 'Bonaire', 'BQ', 1),
(176, 'Cuba', 'CU', 1),
(177, 'Curaçao', 'CW', 1),
(178, 'Dominica', 'DM', 1),
(179, 'Granada', 'GD', 1),
(180, 'Guadalupe', 'GP', 1),
(181, 'Haití', 'HT', 1),
(182, 'Islas Caimán', 'KY', 1),
(183, 'Islas Turcas y Caicos', 'TC', 1),
(184, 'Islas Vírgenes Británicas', 'VG', 1),
(185, 'Islas Vírgenes de los Estados Unidos', 'VI', 1),
(186, 'Jamaica', 'JM', 1),
(187, 'Martinica', 'MQ', 1),
(188, 'Montserrat', 'MS', 1),
(189, 'Puerto Rico', 'PR', 1),
(190, 'República Dominicana', 'DO', 1),
(191, 'San Bartolomé', 'BL', 1),
(192, 'San Cristóbal y Nieves', 'KN', 1),
(193, 'San Martín', 'MF', 1),
(194, 'San Vicente y las Granadinas', 'VC', 1),
(195, 'Santa Lucía', 'LC', 1),
(196, 'Trinidad y Tobago', 'TT', 1),
(197, 'Argentina', 'AR', 1),
(198, 'Bolivia', 'BO', 1),
(199, 'Brasil', 'BR', 1),
(200, 'Chile', 'CL', 1),
(201, 'Colombia', 'CO', 1),
(202, 'Ecuador', 'EC', 1),
(203, 'Guyana', 'GY', 1),
(204, 'Paraguay', 'PY', 1),
(205, 'Perú', 'PE', 1),
(206, 'Surinam', 'SR', 1),
(207, 'Uruguay', 'UY', 1),
(208, 'Venezuela', 'VE', 1);
/**Departamento 168*/
INSERT INTO departamento (id,cod_pais, nombre, cod_postal, estado)
VALUES
    (1,168, 'Boaco', 46000, 1),
    (2,168, 'Carazo', 47000, 1),
    (3,168, 'Chinandega', 48000, 1),
    (4,168, 'Chontales', 49000, 1),
    (5,168, 'Estelí', 52000, 1),
    (6,168, 'Granada', 53000, 1),
    (7,168, 'Jinotega', 54000, 1),
    (8,168, 'León', 46000, 1),
    (9,168, 'Madriz', 47000, 1),
    (10,168, 'Managua', 48000, 1),
    (11,168, 'Masaya', 49000, 1),
    (12,168, 'Matagalpa', 52000, 1),
    (13,168, 'Nueva Segovia', 53000, 1),
    (14,168, 'Río San Juan', 54000, 1),
    (15,168, 'Rivas', 46000, 1),
    (16,168,'Atlántico Norte',47000,1),
    (17,168,'Atlántico Sur,',46000,1);


INSERT INTO municipio (id,nombre,cod_departamento,estado)
VALUES 
    (1,'Managua', 10, 1),
    (2,'Ciudad Sandino', 10, 1),
    (3,'El Crucero', 10, 1),
    (4,'Mateare', 10, 1),
    (5,'San Francisco Libre', 10, 1),
    (6,'San Rafael del Sur', 10, 1),
    (7,'Ticuantepe', 10, 1),
    (8,'Tipitapa', 10, 1),
    (9,'Chinandega', 3, 1),
    (10,'El Viejo', 3, 1),
    (11,'Chichigalpa', 3, 1),
    (12,'Corinto', 3, 1),
    (13,'El Realejo', 3, 1),
    (14,'Posoltega', 3, 1),
    (15,'Somotillo', 3, 1),
    (16,'Villanueva', 3, 1),
    (17,'San Francisco del Norte', 3, 1),
    (18,'San Pedro del Norte', 3, 1),
    (19,'La Paz Centro', 3, 1),
    (20,'Santa Cruz del Norte', 3, 1),
    (21,'León', 8, 1),
    (22,'Chinandega', 8, 1),
    (23,'El Jicaral', 8, 1),
    (24,'El Sauce', 8, 1),
    (25,'La Paz Centro', 8, 1),
    (26,'Nagarote', 8, 1),
    (27,'Posoltega', 8, 1),
    (28,'San José de Cusmapa', 8, 1),
    (29,'Santa Rosa del Peñón', 8, 1),
    (30,'Telica', 8, 1),
    (31,'Estelí', 5, 1),
    (32,'Condega', 5, 1),
    (33,'La Trinidad', 5, 1),
    (34,'Pueblo Nuevo', 5, 1),
    (35,'San Juan de Limay', 5, 1),
    (36,'San Nicolás', 5, 1),
    (37,'Somoto', 13, 1),
    (38,'Villa Sandino', 5, 1),
    (39,'Somoto', 9, 1),
    (40,'Las Sabanas', 9, 1),
    (41,'San Lucas', 9, 1),
    (42,'Telpaneca', 9, 1),
    (44,'Totogalpa', 9, 1),
    (45,'Ocotal', 13, 1),
    (46,'Dipilto', 13, 1),
    (47,'El Jícaro', 13, 1),
    (48,'Mozonte', 13, 1),
    (49,'Quilalí', 13, 1),
    (50,'San Fernando', 13, 1),
    (51,'Santa María', 13, 1),
    (52,'Wiwilí', 13, 1),
    (53,'Jinotega', 7, 1),
    (54,'El Cuá', 7, 1),
    (55,'La Concordia', 7, 1),
    (56,'San Rafael del Norte', 7, 1),
    (57,'San Sebastián de Yalí', 7, 1),
    (58,'Matagalpa', 12, 1),
    (59,'Ciudad Darío', 12, 1),
    (60,'Esquipulas', 12, 1),
    (61,'Jinotega', 12, 1),
    (62,'San Ramón', 12, 1),
    (63,'San Sebastián de Yalí', 12, 1),
    (64,'Boaco', 1, 1),
    (65,'Camoapa', 1, 1),
    (66,'San José de Bocay', 1, 1),
    (67,'Santa Lucía', 1, 1),
    (68,'Teustepe', 1, 1),
    (69,'Villa Sandino', 1, 1),
    (71,'Juigalpa', 4, 1),
    (72,'Acoyapa', 4, 1),
    (73,'El Coral', 4, 1),
    (74,'La Libertad', 4, 1),
    (75,'Santo Tomás', 4, 1),
    (76,'Villanueva', 4, 1),
    (77,'San Carlos', 14, 1),
    (78,'El Almendro', 14, 1),
    (79,'El Castillo', 14, 1),
    (80,'San Juan del Norte', 14, 1),
    (81,'San Rafael del Sur', 14, 1),
    (82,'Masaya', 11, 1),
    (83,'Catarina', 11, 1),
    (84,'Diriamba', 11, 1),
    (85,'Granada', 11, 1),
    (86,'Nandaime', 11, 1),
    (87,'Niquinohomo', 11, 1),
    (88,'San Juan de Oriente', 11, 1),
    (89,'Granada', 6, 1),
    (90,'Diriomo', 6, 1),
    (91,'Diriamba', 6, 1),
    (92,'Nandaime', 6, 1),
    (93,'Niquinohomo', 6, 1),
    (94,'San Juan de Oriente', 6, 1),
    (95,'Jinotepe', 2, 1),
    (96,'Diriá', 2, 1),
    (97,'Dolores', 2, 1),
    (98,'Granada', 2, 1),
    (99,'Masaya', 2, 1),
    (100,'Nandaime', 2, 1),
    (101,'Rivas', 15, 1),
    (102,'Belén', 15, 1),
    (103,'Buenos Aires', 15, 1),
    (104,'Cárdenas', 15, 1),
    (105,'La Virgen', 15, 1),
    (106,'Moyogalpa', 15, 1),
    (107,'Tola', 15, 1),
    (108,'Nueva Guinea', 16, 1),
    (109,'El Rama', 16, 1),
    (110,'La Cruz de Río Grande', 16, 1),
    (111,'San Juan de Río Coco', 16, 1),
    (112,'Santa Lucía', 16, 1),
    (113,'Bilwi', 17, 1),
    (114,'Puerto Cabezas', 17, 1),
    (115,'Waspam', 17, 1),
    (116,'Prinzapolka', 17, 1),
    (117,'Mulukukú', 17, 1),
    (118,'Bluefields', 17, 1),
    (119,'Corn Island', 17, 1),
    (120,'Laguna de Perlas', 17, 1),
    (121,'Mulukukú', 17, 1);


/*Insertar estado civiles*/
INSERT INTO estado_civil (id,nombre_estado) 
VALUES (1,'Soltero/a'),
       (2,'Casado/a'),
       (3,'Unión civil'),
       (4,'Separado/a'),
       (5,'Divorciado/a'),
       (6,'Viudo/a');


/***Genero*/
INSERT INTO genero (id,nombre, estado) VALUES
  (1,'Femenino', 1),
  (2,'Masculino', 1),
  (3,'No Binario', 1),
  (4,'Género Fluido', 1),
  (5,'Agénero', 1),
  (6,'Bigénero', 1),
  (7,'Dos Espíritus', 1),
  (8,'Géneroqueer', 1),
  (9,'Pangénero', 1),
  (10,'Tercer Género', 1),
  (11,'Andrógino', 1),
  (12,'Neutrois', 1),
  (13,'Demigénero', 1),
  (14,'Femme', 1),
  (15,'Butch', 1),
  (16,'Transexual', 1),
  (17,'Cisgénero', 1),
  (18,'Intersexual', 1),
  (19,'Otro', 1);
/**
*Perfiles 
*/
-- Insertar perfiles administrativos en la tabla de perfiles
INSERT INTO perfil (nombre, descripcion, estado) VALUES
  (1,'Adminstrador del sistema', 'Encargado de supervisar y gestionar todo el sistema', 1),
  (2,'Clientes', 'Clientes', 1),
  (3,'Administrador de Ventas', 'Encargado de supervisar y gestionar las ventas', 1),
  (4,'Gerente de Inventario', 'Responsable de la gestión y mantenimiento del inventario', 1),
  (5,'Administrador de Personal', 'Encargado de gestionar los recursos humanos', 1),
  (6,'Analista Financiero', 'Encargado de analizar y gestionar aspectos financieros', 1),
  (7,'Desarrollador del Sistema', 'Programador responsable del desarrollo y mantenimiento del sistema', 1),
  (8,'Especialista en Marketing', 'Encargado de estrategias de marketing y publicidad', 1),
  (9,'Administrador de Seguridad', 'Responsable de la seguridad y acceso al sistema', 1),
  (10,'Gerente de Operaciones', 'Supervisa y gestiona las operaciones diarias', 1),
  (11,'Administrador de Tienda', 'Encargado de la gestión general de la tienda', 1);

/**rol*/
INSERT INTO rol (id,id_perfil,codigo,nombre,descripcion,estado) 
VALUES (1,1,'R-001','Administrador del sistema','Administrador del sistema',1),
(2,2,'R-002','Clientes','clientes',1);
/**
*Tipos de contratos
*/
INSERT INTO tipo_contratos (id,nombre, descripcion, estado) VALUES
    (1,'Contrato Indefinido', 'No tiene una fecha de finalización específica.', 1),
    (2,'Contrato a Término Fijo', 'Tiene una fecha de inicio y una fecha de finalización predeterminadas.', 1),
    (3,'Contrato de Obra o Labor Determinada', 'Se utiliza para trabajos o proyectos específicos.', 1),
    (4,'Contrato de Aprendizaje', 'Diseñado para brindar formación a personas sin experiencia laboral.', 1),
    (5,'Contrato de Relevo', 'Se utiliza para sustituir a un trabajador que se jubila parcialmente.', 1),
    (6,'Contrato por Temporada', 'Se utiliza para trabajos estacionales.', 1),
    (7,'Contrato de Teletrabajo', 'Establece las condiciones para trabajar desde casa o un lugar remoto.', 1),
    (8,'Contrato a Tiempo Parcial', 'El empleado trabaja menos horas que un empleado a tiempo completo.', 1),
    (9,'Contrato de Prueba', 'Se utiliza para evaluar las habilidades y la adaptación de un nuevo empleado al puesto.', 1),
    (10,'Contrato de Servicios Profesionales', 'Se utiliza para contratar servicios profesionales o consultoría en lugar de un empleo tradicional.', 1);

/*
*Modulos
*/
INSERT INTO modulo (id, nombre, descripcion, fecha_registro, icono, estado) 
VALUES (1,'Inicio','Modulo para la gestion de inicio del sistema',NOW(),'right fas fa-angle-left',1),
       (2,'Productos','',NOW(),'nav-icon fas fa-box-open',1),
       (3,'Gestion de compras','',NOW(),'nav-icon  fas fa-shopping-cart',1),
       (4,'Gestion de negocios','',NOW(),'nav-icon  fas fa-briefcase',1),
       (5,'Gestion de venta','',NOW(),'nav-icon fas fa-chart-pie',1),
       (6,'Trazabilidad','',NOW(),'nav-icon fas  fa-route',1),
       (7,'Gestion de entregas','',NOW(),'nav-icon fas fa-truck',1),
       (8,'Caja','',NOW(),'nav-icon fas fa-cash-register',1),
       (9,'Gestion de usuarios','',NOW(),'nav-icon fas  fa-users',1);


INSERT INTO sub_modulo(id, id_modulo, nombre, descripcion, enlace, estado)
 VALUES (1,1,'Dasboard','','index.php?c=dasboard',1);
INSERT INTO sub_modulo(id, id_modulo, nombre, descripcion, enlace, estado)
 VALUES (2,2,'Categoria','','index.php?c=productos&a=categorias',1),
        (3,2,'Sub-categoria','','index.php?c=productos&a=subcategorias',1),
        (4,2,'Tallas','','index.php?c=productos&a=tallas',1),
        (5,2,'Colores','','index.php?c=productos&a=color',1),
        (6,2,'Tipos de cuellos','','index.php?c=productos&a=estiloCuello',1),
        (7,2,'Tipos de Tela','','index.php?c=productos&a=telas',1),
        (8,2,'Marcas','','index.php?c=productos&a=marcas',1),
        (9,2,'Modelos','','index.php?c=productos&a=modelos',1),
        (10,2,'Productos','index.php?c=productos','index.php?c=productos',1),
        (11,2,'Precio Productos','','index.php?c=productos&a=precio',1);

INSERT INTO sub_modulo(id, id_modulo, nombre, descripcion, enlace, estado)
 VALUES (12,3,'Solicitud de compra','','',1),
        (13,3,'Cotizaciones','','',1),
        (14,3,'Ordenes de compra','','',1),
        (15,3,'Tipos de compras','','',1),
        (16,3,'Compras','','',1);

INSERT INTO sub_modulo(id, id_modulo, nombre, descripcion, enlace, estado)
 VALUES (16,4,'Colaborador','','index.php?c=negocio',1),
        (17,4,'Cargos','','index.php?c=negocio&a=cargos',1),
        (18,4,'Asignar Cargos','','index.php?c=negocio&a=asignacioncargos',1),
        (19,4,'Contratos','','index.php?c=negocio&a=contratos',1),
        (20,4,'Salarios','','index.php?c=negocio&a=salario',1);

INSERT INTO sub_modulo(id, id_modulo, nombre, descripcion, enlace, estado)
 VALUES (21,5,'Venta','','index.php?c=venta',1),
        (22,5,'devolucion de venta','','index.php?c=venta&devolucion',1),
        (23,5,'Clientes','','index.php?c=venta&clientes',1),
        (24,5,'Garantias','','index.php?c=venta&garantias',1);
       
INSERT INTO sub_modulo(id, id_modulo, nombre, descripcion, enlace, estado)
 VALUES (25,6,'Inventario','','index.php?c=inventario',1),
        (26,6,'Movimientos','','index.php?c=inventario&a=movimientos',1),
        (27,6,'Ubicacion','','index.php?c=inventario&a=ubicaciones',1);
        
INSERT INTO sub_modulo(id, id_modulo, nombre, descripcion, enlace, estado)
 VALUES (28,7,'Entregas domicilio','','index.php?c=entregas',1),
        (29,7,'Entregas en local','','index.php?c=entregas&a=local',1);

INSERT INTO sub_modulo(id, id_modulo, nombre, descripcion, enlace, estado)
 VALUES (30,8,'Caja','Modulo de caja','index.php?c=caja',1),
        (31,8,'Aperturas','Submodulo de apertura','index.php?c=caja&a=aperturas',1),
        (32,8,'Arqueos','submodulo de arqueo','index.php?c=caja&a=arqueos',1),
        (33,8,'Cierres','submodulo de cierres','index.php?c=caja&a=cierres',1),
        (34,8,'Movimientos','submodulo de movimientos','index.php?c=caja&a=movimientos',1),
        (35,8,'Cuentas por cobrar','submodulo de cuentas por cobrar','index.php?c=caja&a=cuentas',1);

INSERT INTO sub_modulo(id, id_modulo, nombre, descripcion, enlace, estado)
 VALUES (36,9,'Roles','','index.php?c=usuario&a=rol',1),
        (37,9,'Asignacion de modulos','','index.php?c=usuario&a=modulos',1),
        (38,9,'Asignacion de permisos','','index.php?c=usuario&a=permisos',1),
        (39,9,'Usuarios','','index.php?c=usuario',1),
        (40,9,'Verificar usuarios','','index.php?c=usuario&a=verificar',1),
        (41,9,'Monitoreo','','index.php?c=usuario&a=monitoreo',1);       

